group,mode,precision,recall,f1,contamination,misreg_rate,misreg,reg_delay_s,unregistered,n_partner,llm_acc,llm_n,n_pos,n_neg
전체,all,0.6,1.0,0.7499999999999999,0.38064516129032255,1.0,2/2,1.5786666666666658,0,3,,0,9,6
전체,timing,0.8333333333333334,0.5555555555555556,0.6666666666666667,0.21951219512195122,0.5,1/2,1.5786666666666658,0,3,,0,9,6
전체,timing_speaker,0.9,1.0,0.9473684210526316,0.15789473684210525,0.5,1/2,1.5786666666666658,0,3,,0,9,6
전체,full,0.875,0.7777777777777778,0.823529411764706,0.18181818181818182,0.0,0/2,29.988,2,3,,0,9,6
전체,semantic,0.0,0.0,0.0,0.0,0.0,0/2,29.988,2,3,,0,9,6
함정(trap) 시나리오,all,0.6,1.0,0.7499999999999999,0.38064516129032255,1.0,2/2,1.5786666666666658,0,3,,0,9,6
함정(trap) 시나리오,timing,0.8333333333333334,0.5555555555555556,0.6666666666666667,0.21951219512195122,0.5,1/2,1.5786666666666658,0,3,,0,9,6
함정(trap) 시나리오,timing_speaker,0.9,1.0,0.9473684210526316,0.15789473684210525,0.5,1/2,1.5786666666666658,0,3,,0,9,6
함정(trap) 시나리오,full,0.875,0.7777777777777778,0.823529411764706,0.18181818181818182,0.0,0/2,29.988,2,3,,0,9,6
함정(trap) 시나리오,semantic,0.0,0.0,0.0,0.0,0.0,0/2,29.988,2,3,,0,9,6
