seg_id,label,t_start,t_end,speaker_id,is_wearer,text
s00001,g,54.976,55.712,,0,Thank you.
s00002,g,56.768,64.768,1,0,Then Samir will propose some criteria to evaluate this prototype.
s00003,n,64.768,65.152,,0,Then...
s00004,n,65.536,66.848,2,0,Oui.
w00001,w,67.72,68.04,,1,you
w00002,w,69.2,69.5,,1,Yes.
s00005,n,69.6,71.008,3,0,Then...
s00006,n,71.168,72.16,,0,I'm really going to do some finding.
w00003,w,72.16,72.44,,1,Chocolate?
w00004,w,72.76,72.98,,1,Thank you.
s00007,n,73.088,73.888,,0,Thank you.
s00008,n,74.048,75.456,4,0,Is it good?
s00009,g,75.776,76.416,,0,Thank you.
s00010,g,77.12,79.456,5,0,At the end we will be living.
s00011,g,80.128,82.72,6,0,valued ourselves as a team.
s00012,g,86.4,88.416,7,0,So first...
s00013,g,91.2,91.776,,0,Thank you.
s00014,g,92.768,95.616,8,0,Here we have a prototype model.
w00005,w,95.64,95.9,,1,Mm-hmm.
s00015,n,96.0,97.12,9,0,Do you have some strength?
w00006,w,97.12,97.48,,1,Yes.
s00016,n,97.6,97.92,,0,Thank you.
w00007,w,97.94,98.98,,1,and please some slides.
s00017,g,99.392,100.416,10,0,So in which...
s00018,n,100.864,101.248,,0,Thank you.
w00008,w,101.5,102.48,,1,Participant 3
w00009,w,103.6,104.08,,1,prototype
w00010,w,111.58,112.14,,1,So
w00011,w,113.34,114.04,,1,This is our...
w00012,w,115.82,116.68,,1,Remote control.
w00013,w,117.84,120.42,,1,"It's our walk-in prototype, you can use it now."
w00014,w,121.08,122.36,,1,by switching all these buttons
w00015,w,123.36,126.98,,1,So first I present as we came to this perfect model.
s00019,w,127.104,127.68,,0,Thank you.
w00016,w,127.82,130.36,,1,and then we'll give some technical specifications.
s00020,w,130.464,130.976,,0,Thank you.
w00017,w,131.5,132.0,,1,That's...
w00018,w,133.74,134.22,,1,So let's start.
w00019,w,134.9,135.4,,1,please next slide.
w00020,w,136.56,138.24,,1,We analyzed all the fruits
w00021,w,138.54,139.64,,1,and contact it.
w00022,w,140.06,140.64,,1,NASA
w00023,w,141.24,142.94,,1,and made some
w00024,w,143.86,145.52,,1,Real good. Yeah.
w00025,w,145.82,148.88,,1,If you can see this then the stars are showing that
w00026,w,149.24,149.88,,1,We are doing right.
w00027,w,151.12,152.0,,1,and
s00022,y,152.384,153.152,,0,Mm-hmm.
w00028,w,153.62,155.1,,1,society will accept it.
s00023,y,155.232,156.16,,0,Thank you.
w00029,w,156.18,156.64,,1,for sure
s00024,y,156.768,158.112,12,0,Thank you.
w00030,w,158.14,158.46,,1,you
s00025,y,158.56,159.328,,0,Thank you.
s00026,y,159.808,160.384,,0,Thank you.
w00031,w,160.92,163.08,,1,making some analysis of different fruits
w00032,w,163.48,166.6,,1,"We choose the ultimate form, ultimate colors."
w00033,w,167.16,168.88,,1,and the ultimate smell of it.
w00034,w,170.42,171.14,,1,Please next slide.
w00035,w,172.92,177.32,,1,but we still didn't want to go far from our titanium idea
w00036,w,177.92,180.4,,1,because it's the most of the mortar
w00037,w,181.66,184.4,,1,the ever-modern material we can
w00038,w,184.94,185.46,,1,Select
w00039,w,187.02,188.38,,1,and it's practical
w00040,w,190.0,191.72,,1,"And it still suits for all needs, so..."
w00041,w,192.3,193.42,,1,please press something.
s00027,s,194.176,194.624,,0,Thank you.
w00042,w,194.64,195.4,,1,And as I said
s00028,w,195.52,195.872,,0,Thank you.
s00029,w,196.064,196.416,,0,Thank you.
w00043,w,196.44,197.36,,1,It is perfect.
s00030,y,197.472,198.88,13,0,Thank you.
w00044,w,200.76,201.42,,1,Please press this.
s00031,y,201.984,202.528,,0,That's great.
w00045,w,202.78,204.08,,1,Everyone is you know
w00046,w,204.94,207.04,,1,really really glad to
w00047,w,207.68,208.28,,1,Tain and...
s00032,y,209.376,210.112,,0,"See this, please."
w00048,w,210.12,211.78,,1,such a device.
w00049,w,212.64,214.6,,1,so you can touch it with your own hands.
s00033,y,214.72,215.232,,0,Thank you.
w00050,w,215.24,215.54,,1,Sure.
s00034,y,215.648,216.224,,0,Thank you.
w00051,w,216.34,216.84,,1,Yes.
s00035,w,216.96,217.664,,0,That's it.
w00052,w,217.74,218.5,,1,Oh my God.
s00036,n,218.624,219.168,,0,"Yeah, yeah, see."
s00037,g,219.616,222.08,14,0,It says...
w00053,w,222.1,222.9,,1,You must say.
s00038,g,223.008,225.408,15,0,Spudgy! I'll buy it!
s00039,g,225.728,226.272,,0,I don't know.
w00054,w,226.3,226.92,,1,I don't know.
s00040,g,227.04,229.184,16,0,If I need some.
w00055,w,229.2,229.82,,1,
s00041,n,230.4,231.872,17,0,Hopefully my dot
s00042,n,232.064,233.536,18,0,I really like it.
w00056,w,233.56,234.02,,1,Okay.
w00057,w,235.22,238.74,,1,"And we got the answer? Yes, of course."
s00043,n,238.88,239.904,19,0,Of course.
w00058,w,239.92,240.7,,1,plays this next
w00059,w,242.2,243.8,,1,This is the prototype you can
w00060,w,244.38,245.46,,1,Have a look at it and
w00061,w,246.94,248.1,,1,That's all I wanted to say.
w00062,w,248.54,250.8,,1,Now it's technical specification by our
w00063,w,252.84,253.2,,1,Colleen.
s00044,s,253.312,254.272,,0,Thank you.
s00045,s,257.056,257.888,,0,So...
s00046,n,258.336,260.128,20,0,There was a button missing.
s00047,n,260.288,268.288,21,0,This is really flexible. It's an option. So function.
s00048,g,269.088,276.256,22,0,"So as we discussed, we have to switch on and switch off whenever we want. And so we have buttons."
s00049,g,276.832,284.832,22,0,and using LCD or like you can use this in Jockville and select which are options on LCD.
s00051,g,286.976,289.056,22,0,then you will have volume control
s00052,n,289.568,290.848,23,0,So you can...
s00053,n,291.264,294.24,22,0,press this button to increase
s00055,g,296.736,298.432,22,0,and we have some LCD controls.
s00056,g,298.88,305.344,22,0,like switching the LCD display if you want to use LCD or you don't want to use the USB
s00057,g,306.336,308.672,24,0,We have speech in the region.
s00058,g,309.12,314.496,22,0,Here you have microphones and it dates towards your voice and then try to recognize.
s00059,n,315.04,316.672,25,0,and it comes into the action world.
s00060,g,317.44,325.472,22,0,and location finder and we want to do the location basically in speech analysis you can just say
s00061,g,325.664,331.648,22,0,Where is my remote control or a broken excuse and nickname to your remote control?
s00062,g,331.904,336.096,26,0,"And then say hi. Hey, bub."
s00063,g,336.928,337.504,,0,Good night.
s00064,g,338.08,340.8,27,0,You can choose it.
s00066,n,343.936,349.888,22,0,"Our team is not fruit, so you can have a dessert."
s00067,n,350.816,352.256,28,0,And then...
s00068,g,352.704,356.128,22,0,You can see the look LCD and all the switches.
s00069,n,357.12,357.856,,0,Thank you.
s00070,n,358.912,362.24,22,0,"We did, we want to stick to titanium."
w00064,w,362.26,362.64,,1,you
w00065,w,363.02,363.32,,1,Let's do it.
s00071,n,363.424,365.216,29,0,and you want fruit smelling?
s00072,n,365.376,365.696,,0,Thank you.
s00073,n,365.856,366.496,,0,Thank you.
s00075,n,367.968,369.504,30,0,I didn't know it existed
s00076,n,369.664,371.712,25,0,"Great. Yeah, I learned."
s00077,s,372.224,373.728,26,0,Thank you.
s00078,g,375.776,377.024,22,0,So we want to have...
s00079,g,377.984,379.776,22,0,simple and perfect shape.
s00081,g,382.24,385.344,22,0,"You can have your own design, you can make it clean."
s00082,g,386.08,386.624,,0,Thank you.
s00083,g,387.52,388.192,,0,Thank you.
s00084,g,390.304,394.24,22,0,and you can choose colors on your day
s00085,n,394.752,400.224,30,0,You mean we can change the color?
s00086,n,401.056,402.144,22,0,for the Syrian.
s00087,n,402.976,405.12,22,0,Just tighten your... tighten your...
w00066,w,405.14,406.74,,1,We're still working on titanium.
s00088,w,407.52,407.872,,0,Thank you.
w00067,w,407.88,410.18,,1,"We'll start with LCD, you can ask Bob."
w00068,w,410.7,411.46,,1,It's Tuesday.
s00089,w,411.584,413.792,4,0,"Bob, please. You know."
w00069,w,413.8,414.12,,1,Thank you.
s00090,g,414.24,418.88,22,0,pink today. Choose the color. Even you can configure your color.
s00091,n,421.088,422.176,19,0,"No, no, no, no."
s00092,g,422.688,430.688,21,0,"Black. You can have many colors on weekends. And wait, what are the strawberries for?"
s00093,n,431.168,434.592,22,0,These are like sensors.
s00094,n,435.008,436.192,12,0,Thank you.
s00095,n,436.352,437.28,,0,Of course.
w00070,w,437.74,438.9,,1,That's location sensor.
s00097,n,443.424,444.576,27,0,I used to.
s00098,n,445.824,446.176,,0,Come here.
s00099,n,446.88,447.36,,0,So
s00100,g,448.16,449.92,22,0,After this meeting we will propose
s00101,n,450.336,454.72,22,0,A party for our success.
s00102,n,456.064,460.288,22,0,"So if you are a vegetarian or you have any options, please let us know."
w00071,w,460.3,462.46,,1,"Yeah, and we can just eat some strawberry."
s00103,w,462.56,462.976,,0,Yeah.
s00104,n,463.168,465.088,13,0,Thank you.
s00105,n,467.744,470.432,22,0,Thank you for your questions.
s00106,n,471.072,473.088,5,0,Oh.
s00107,n,473.504,477.44,10,0,We'll see the financial part of the...
s00108,n,477.696,479.104,12,0,You can get some.
w00072,w,479.42,480.34,,1,Let's make a party first.
w00073,w,480.64,480.88,,1,my baby.
s00110,g,483.168,487.776,21,0,Then we can discuss. We can... With the 5 or 15 minutes we first make a bargain.
s00111,g,488.448,492.0,22,0,Then we can have how much money is left.
s00112,n,494.24,495.36,30,0,Thank you.
s00113,n,495.904,497.12,1,0,I don't know.
s00114,n,498.528,504.704,1,0,"It's my turn. Yeah, let's see. The evaluation. Yeah, if you meet."
s00115,g,506.08,507.168,25,0,Thank you.
s00116,g,520.0,522.368,30,0,made a very nice prototype.
s00117,g,522.88,525.12,22,0,all together today
s00118,g,525.696,526.752,30,0,Try to evaluate it.
s00119,g,528.288,529.408,30,0,Thank you.
s00121,g,532.832,534.688,30,0,what they do and things like that.
s00122,n,537.792,538.464,,0,Thank you.
s00123,g,540.256,540.864,,0,As you know.
s00124,g,541.28,543.488,30,0,before going
s00125,g,544.064,544.864,,0,producing
s00126,g,546.368,547.104,,0,Thank you.
s00127,g,547.68,549.088,20,0,Yeah.
s00128,g,549.536,554.656,30,0,"If we want control, it makes sense if we have the chance to send it."
s00129,g,555.456,556.672,30,0,So we need to enjoy waiting.
s00131,g,559.904,561.344,30,0,as much as you can.
s00132,g,562.784,569.408,30,0,So what I propose is that we are going to have this scale of 1 to 7.
s00133,g,569.984,577.504,30,0,yes it fulfills the criteria whatever it is and seven minutes go with doesn't fulfill at all
s00134,g,578.176,583.872,30,0,We are going to list all the criteria and we are going to put in the next slide and together try to.
s00135,g,584.512,588.672,30,0,evaluate this according to this criteria
s00136,g,589.088,591.168,30,0,Thank you.
s00137,g,592.16,593.44,26,0,Thank you.
s00138,n,596.992,597.312,,0,So good.
s00139,n,597.984,600.096,15,0,"Maybe we can have a good, good crime for you."
s00140,g,602.272,604.576,30,0,These are the criteria.
s00141,g,605.088,606.432,30,0,I thought you were important.
s00143,g,609.664,609.984,,0,Thanks.
s00144,g,611.776,614.88,30,0,"Let's see, so let's go, do we have pants here together?"
s00145,g,616.032,618.08,30,0,and we have this scale
s00146,g,619.968,620.672,,0,Yep.
s00147,g,622.528,622.976,,0,Seven.
s00148,g,624.928,625.376,,0,Thank you.
s00149,n,628.928,629.248,,0,No.
s00150,n,630.624,638.624,21,0,"What do you think? Is it fancy? I think that fancy, we can say it is fancy. It is very very fancy."
s00151,n,638.624,646.176,1,0,Have you ever seen something like that? I am not the only one. What do you think?
w00074,w,647.24,647.76,,1,Feel the weight.
s00152,y,647.872,649.024,30,0,Ladies.
s00153,y,649.44,650.752,15,0,Later.
w00075,w,650.78,651.2,,1,Really?
s00154,w,651.328,652.288,,0,Thank you.
w00076,w,652.3,652.86,,1,
s00155,n,652.96,653.312,,0,Bye.
w00077,w,653.32,654.0,,1,Okay.
s00156,n,654.112,656.256,15,0,I think it's quite fun.
s00157,n,656.384,664.384,21,0,"Yeah, we can do it with five or six."
s00158,n,664.384,665.6,22,0,Okay. Thanks.
s00159,g,666.016,668.096,21,0,I don't know. Two. Maybe two.
w00078,w,668.14,668.38,,1,True.
s00160,n,668.96,669.376,,0,Thank you.
s00161,g,671.552,674.656,22,0,Thank you.
s00162,s,675.936,683.936,30,0,"So what about technology? We have speech recognition, location-based, we have LCD."
s00163,s,683.936,690.144,30,0,Change colors. White.
w00079,w,690.16,690.86,,1,"Yeah, yeah, yeah."
s00164,g,690.976,691.712,,0,Yeah.
w00080,w,691.74,692.1,,1,Yeah.
s00165,g,692.224,692.736,,0,Thank you.
s00166,n,695.04,695.808,,0,Promise me.
s00167,g,696.32,704.32,30,0,So let's suppose my daughter take it and throw it away.
s00168,g,704.32,707.456,30,0,Do you think it makes sense that it's going to live again?
s00170,n,714.272,714.592,,0,you
s00171,n,715.616,717.952,30,0,You just lost one trauma.
w00081,w,717.98,718.66,,1,No!
w00082,w,719.22,721.06,,1,"No, how can I say this?"
s00172,n,721.184,721.696,,0,"Yeah, we can use..."
w00083,w,721.72,725.0,,1,It's still working? And your daughter got a bonus?
w00084,w,725.64,727.24,,1,A strawberry.
s00174,g,727.904,733.568,15,0,It's not so bad. How are we doing? Yeah. Robust.
s00175,g,735.68,743.68,30,0,"So the question is, we have the minimum requirements to control it."
s00176,g,743.68,751.68,30,0,These buttons are not clear but you have at least next produce.
s00177,n,751.68,756.64,22,0,This is volume control and channel changes. These are the main.
s00178,n,757.056,765.056,22,0,the two sides yeah and you can do on LCD using this going to scrolling on the option
s00179,g,765.056,771.008,30,0,"Because the LCD is not touch control, touch screen, you cannot go to channel 25."
w00085,w,771.02,771.48,,1,You can.
s00180,n,771.584,772.704,1,0,using the...
w00086,w,772.86,773.88,,1,You go.
w00087,w,774.22,775.32,,1,"So, the basic mode"
w00088,w,776.38,779.94,,1,"Yeah, so it's simple. Basic mode is you got just two buttons."
s00182,n,780.064,780.384,,0,Yeah.
w00089,w,780.54,781.28,,1,and the jog dial.
s00183,n,781.408,781.888,,0,Thank you.
w00090,w,781.98,783.54,,1,With two buttons you do this like...
w00091,w,784.08,784.76,,1,Volume up.
w00092,w,785.2,785.82,,1,Roll him down.
w00093,w,786.52,788.94,,1,or if you go to the site its channel up
w00094,w,789.3,789.76,,1,channel down.
w00095,w,790.62,792.54,,1,and if you want to make it to 25
w00096,w,793.58,794.38,,1,You push on this.
s00184,n,794.496,795.552,22,0,you can say
w00097,w,795.58,797.04,,1,"You select 20, you select"
w00098,w,798.2,798.44,,1,Five.
w00099,w,799.64,799.92,,1,That's it.
s00185,n,800.032,800.544,,0,Thank you.
s00186,n,801.248,802.56,30,0,It's much longer than that.
w00100,w,802.78,803.12,,1,No.
s00187,n,803.296,805.664,30,0,having to confide with you.
s00188,n,806.08,810.752,22,0,"Okay, we can do that. Yeah, you need to press 2 and 5."
s00189,n,811.264,816.32,30,0,but it's nice because people anyway don't go there
s00190,n,817.408,818.272,,0,So what do you think?
s00192,n,821.568,828.384,22,0,"We need to address, we only address two main functions here and the other functions will be on the LCD."
s00193,g,829.056,835.296,6,0,Let me understand why I am not sure that this one is the two-directional button.
w00101,w,835.32,835.58,,1,Yeah.
s00194,w,835.68,836.096,,0,Thank you.
w00102,w,836.22,836.44,,1,Yeah.
s00195,g,836.544,839.872,1,0,Abdomen and a common. And which... what is that?
w00103,w,840.9,842.58,,1,Select the jog dial for controlling the
w00104,w,842.92,845.82,,1,"cursor on the LCD screen, like selecting the menus."
s00196,s,846.016,854.016,22,0,In LCD you will have blocks and you can select which one.
s00197,n,854.016,858.976,15,0,Thank you.
w00105,w,858.98,859.32,,1,Thank you.
s00198,n,860.416,862.208,30,0,So size and weight.
s00199,n,863.872,864.448,,0,Yeah.
s00200,n,865.056,871.04,30,0,"Is it the effective size and weight? Is it real size, real weight?"
s00201,s,871.584,876.128,22,0,Size is almost all. Size is going to be that.
s00202,n,876.896,877.76,,0,the weight will be
s00203,n,878.176,879.616,22,0,a bit lighter wheel.
w00106,w,879.94,880.74,,1,"Sure, without"
w00107,w,881.12,883.04,,1,titanium alloy it's going to be light
s00204,n,883.232,884.64,30,0,It's going to be nice.
w00108,w,884.64,885.12,,1,Of course.
s00205,y,885.248,887.744,15,0,very heavy for my daughter.
s00206,n,888.352,896.352,22,0,I'm not sure she can use it. But the side should be okay.
s00207,g,896.96,900.0,30,0,I'll put it for you.
