condition,definition,mode,contamination,elig_n_folded,elig_n_shown,elig_y_folded,elig_y_shown,f1,natural_trap_n,natural_trap_shown_rate,natural_trap_speaker_misreg_rate,precision,recall,reg_delay_s
clean,single,all,0.9854260089686099,,15,,3,0.0689655172413793,15,1.0,1.0,0.03571428571428571,1.0,2.3999999999999915
clean,single,timing,0.8713355048859935,,15,,3,0.2608695652173913,15,1.0,1.0,0.16666666666666666,0.6,2.3999999999999915
clean,single,timing_speaker,0.9694744976816074,,15,,3,0.08219178082191782,15,1.0,1.0,0.04411764705882353,0.6,2.3999999999999915
clean,single,full,0.9479578392621871,6,9,,3,0.125,15,0.6,0.3333333333333333,0.06976744186046512,0.6,3.3500499999999818
clean,single,semantic,0.5459770114942529,12,3,,3,0.5454545454545454,15,0.2,0.3333333333333333,0.5,0.6,3.3500499999999818
clean,single,llm_confusion,,,,,,,,,,y_pair=3;y_nopair=0;y_none=0;n_pair=3;n_nopair=12;n_none=0,,
clean,single+group,all,0.043401665598975014,,4,,14,0.955223880597015,4,1.0,1.0,0.9142857142857143,1.0,2.8746666666666627
clean,single+group,timing,0.26384364820846906,,4,,14,0.19178082191780824,4,1.0,1.0,0.7777777777777778,0.109375,9.751999999999974
clean,single+group,timing_speaker,0.0695517774343122,,4,,14,0.6428571428571428,4,1.0,1.0,0.9264705882352942,0.4921875,9.751999999999974
clean,single+group,full,0.04743083003952569,2,2,4,10,0.4795321637426901,4,0.5,0.0,0.9534883720930233,0.3203125,46.48323333333332
clean,single+group,semantic,0.27011494252873564,3,1,9,5,0.0746268656716418,4,0.25,0.0,0.8333333333333334,0.0390625,46.48323333333332
clean,single+group,llm_confusion,,,,,,,,,,y_pair=5;y_nopair=9;y_none=0;n_pair=1;n_nopair=3;n_none=0,,
