id,role,first_role,speaker_id,t_start_rel,t_end_rel,prob,lat_first_ms,lat_final_ms,server_latency_ms,llm_ms,text
w00001,wearer,wearer,,0.82,1.56,,339.7,339.7,39.1,,안녕하세요
w00002,wearer,wearer,,2.0,3.34,,349.2,349.2,50.3,,혹시 여기 자리 있어요?
s00001,partner,partner,1,3.712,5.568,0.909,594.2,972.5,171.5,378.6,아니요 비어 있어요
s00002,partner,partner,1,6.464,7.232,0.818,462.8,462.8,40.3,,앉으세요.
w00003,wearer,wearer,,7.66,8.4,,358.6,358.6,40.3,,감사합니다.
w00004,wearer,wearer,,9.9,11.4,,366.4,366.4,43.1,,오늘 사람 진짜 많네요
s00003,partner,partner,1,11.808,14.176,0.992,626.5,1043.1,197.7,416.9,그러게요 주말이라 그런가 봐요
s00004,other,other,2,17.12,19.52,0.269,632.4,632.4,208.7,,내일 회 몇 시였는지 기억나?
s00005,other,other,3,19.968,21.44,0.269,573.3,573.3,148.1,,아마 10시였을 거야
w00005,wearer,wearer,,23.86,25.82,,351.1,351.1,48.5,,혹시 와이파이 비밀번호 아세요?
s00006,other,partner,2,26.144,27.008,0.214,563.8,908.5,140.3,343.3,야 지훈아
s00007,other,other,2,27.424,29.12,0.269,583.6,583.6,162.2,,너 어제 그 경기 봤어?
s00008,other,other,2,29.6,31.072,0.269,559.2,559.2,136.9,,진짜 대박이더라
s00009,partner,partner,1,31.584,33.504,0.818,590.5,590.5,188.2,,카운터 옆에 적혀 있던데요
w00006,wearer,wearer,,33.94,34.76,,359.1,359.1,38.9,,아 그렇구나
w00007,wearer,wearer,,35.44,36.06,,346.1,346.1,41.8,,고마워요.
s00010,partner,partner,1,36.512,40.032,0.769,689.6,1078.3,264.6,388.5,저는 여기 자주 오는데 오늘처럼 붐비는 건 처음이에요
s00011,unknown,unknown,,45.984,46.72,0.269,502.1,502.1,82.0,,민수야
s00012,other,other,2,47.2,48.224,0.269,531.5,531.5,127.3,,이거 좀 봐봐
w00008,wearer,wearer,,48.76,48.98,,359.5,359.5,38.2,,네?
w00009,wearer,wearer,,50.48,51.44,,376.9,376.9,51.0,,저 부르셨어요?
s00013,other,partner,3,51.872,54.048,0.214,671.2,1029.6,244.6,358.8,아니 너 말고 저쪽 민수
w00010,wearer,wearer,,57.02,58.66,,378.5,378.5,57.3,,커피는 어떤 게 맛있어요?
s00014,partner,partner,1,59.072,61.152,0.769,597.7,953.9,172.9,356.9,여기는 나 때가 제일 괜찮아요
w00011,wearer,wearer,,61.56,62.94,,378.0,378.0,57.4,,그럼 라떼 마셔볼게요
s00015,partner,partner,4,63.328,66.912,0.909,695.0,1042.3,271.8,347.5,근데 우리 몇 시에 나가야 돼? 한 시간쯤 뒤에
s00016,partner,partner,1,70.848,72.512,0.818,608.2,608.2,186.6,,여기 디저트도 맛있어요
s00017,partner,partner,1,73.408,74.56,0.818,556.4,556.4,133.8,,케이크 추천해요
